-- phpMyAdmin SQL Dump
-- version 5.2.1
-- https://www.phpmyadmin.net/
--
-- Host: 127.0.0.1
-- Generation Time: Jan 30, 2025 at 12:29 PM
-- Server version: 10.4.32-MariaDB
-- PHP Version: 8.0.30

SET SQL_MODE = "NO_AUTO_VALUE_ON_ZERO";
START TRANSACTION;
SET time_zone = "+00:00";


/*!40101 SET @OLD_CHARACTER_SET_CLIENT=@@CHARACTER_SET_CLIENT */;
/*!40101 SET @OLD_CHARACTER_SET_RESULTS=@@CHARACTER_SET_RESULTS */;
/*!40101 SET @OLD_COLLATION_CONNECTION=@@COLLATION_CONNECTION */;
/*!40101 SET NAMES utf8mb4 */;

--
-- Database: `mits-pms`
--

-- --------------------------------------------------------

--
-- Table structure for table `application`
--

CREATE TABLE `application` (
  `App_ID` int(11) NOT NULL,
  `S_ID` varchar(15) NOT NULL,
  `D_ID` varchar(15) NOT NULL
) ENGINE=InnoDB DEFAULT CHARSET=utf8mb4 COLLATE=utf8mb4_general_ci;

--
-- Dumping data for table `application`
--

INSERT INTO `application` (`App_ID`, `S_ID`, `D_ID`) VALUES
(1, '23MCA08', '1'),
(2, '23MCA11', '1');

-- --------------------------------------------------------

--
-- Table structure for table `company`
--

CREATE TABLE `company` (
  `C_ID` int(50) NOT NULL,
  `C_Name` varchar(50) NOT NULL,
  `C_Type` varchar(50) NOT NULL,
  `C_YOE` varchar(15) NOT NULL,
  `C_Address` varchar(100) NOT NULL,
  `C_Email` varchar(50) NOT NULL,
  `C_Phone` varchar(50) NOT NULL,
  `C_Person` varchar(50) NOT NULL,
  `C_Website` varchar(50) NOT NULL
) ENGINE=InnoDB DEFAULT CHARSET=utf8mb4 COLLATE=utf8mb4_general_ci;

--
-- Dumping data for table `company`
--

INSERT INTO `company` (`C_ID`, `C_Name`, `C_Type`, `C_YOE`, `C_Address`, `C_Email`, `C_Phone`, `C_Person`, `C_Website`) VALUES
(1001, 'EY Wavespace', 'Cyber Security', '2000-01-01', 'Trivandrum', 'ey@gmail.com', '1234567890', 'Santhosh', 'www.ey.co.in'),
(1002, 'Infosys', 'IT', '2022-01-01', 'Kochi', 'infosys@gmail.com', '1357924680', 'Varun', 'www.infosys.com'),
(1003, 'UST Global', 'Technology', '2010', '123 Tech Park, Silicon Valley', 'info@techinnovators.com', '1234567890', 'John Smith', 'www.techinnovators.com'),
(1004, 'Green Energy Solutions', 'Energy', '2015', '456 Solar Ave, Austin', 'contact@greenenergy.com', '2345678901', 'Emma Green', 'www.greenenergy.com'),
(1005, 'Urban Builders', 'Construction', '2008', '789 Build St, New York', 'info@urbanbuilders.com', '3456789012', 'Michael Brown', 'www.urbanbuilders.com'),
(1006, 'HealthFirst Pharmaceuticals', 'Healthcare', '2012', '321 Wellness Rd, Boston', 'support@healthfirst.com', '4567890123', 'Laura White', 'www.healthfirst.com');

-- --------------------------------------------------------

--
-- Table structure for table `drive`
--

CREATE TABLE `drive` (
  `D_ID` int(50) NOT NULL,
  `D_Name` varchar(50) NOT NULL,
  `Role` varchar(50) NOT NULL,
  `Course` varchar(50) NOT NULL,
  `Branch` varchar(50) NOT NULL,
  `Year` int(50) NOT NULL,
  `Marks_10th` int(10) NOT NULL,
  `Marks_12th` int(10) NOT NULL,
  `Marks_UG` int(10) NOT NULL,
  `CGPA` int(10) NOT NULL,
  `Backlogs` int(50) NOT NULL,
  `D_Package` int(10) NOT NULL,
  `D_Date` varchar(30) NOT NULL,
  `C_ID` int(50) NOT NULL
) ENGINE=InnoDB DEFAULT CHARSET=utf8mb4 COLLATE=utf8mb4_general_ci;

--
-- Dumping data for table `drive`
--

INSERT INTO `drive` (`D_ID`, `D_Name`, `Role`, `Course`, `Branch`, `Year`, `Marks_10th`, `Marks_12th`, `Marks_UG`, `CGPA`, `Backlogs`, `D_Package`, `D_Date`, `C_ID`) VALUES
(1, 'UST-Recruitment-2025', 'Software Developer', 'B.Tech,MCA', 'CS,CS-AI,AI-DS,CS-CY,Computer Applications', 2023, 60, 60, 60, 6, 0, 0, '2025-01-14', 1003),
(2, 'EY-Recruitment-2025', 'Software Developer', 'B.Tech,MCA', 'CS,CS-AI,AI-DS,CS-CY,Computer Applications', 2023, 60, 60, 60, 6, 0, 0, '2025-02-05', 1001);

-- --------------------------------------------------------

--
-- Table structure for table `faculty`
--

CREATE TABLE `faculty` (
  `Fac_ID` varchar(50) NOT NULL,
  `Fac_Name` varchar(50) NOT NULL,
  `Fac_DOB` varchar(15) NOT NULL,
  `Fac_Gender` varchar(50) NOT NULL,
  `Fac_Email` varchar(50) NOT NULL,
  `Fac_Mob` varchar(11) NOT NULL,
  `Fac_Image` longblob NOT NULL,
  `Fac_Address` varchar(100) NOT NULL,
  `Fac_Dept` varchar(50) NOT NULL,
  `Fac_Desg` varchar(50) NOT NULL
) ENGINE=InnoDB DEFAULT CHARSET=utf8mb4 COLLATE=utf8mb4_general_ci;

--
-- Dumping data for table `faculty`
--

INSERT INTO `faculty` (`Fac_ID`, `Fac_Name`, `Fac_DOB`, `Fac_Gender`, `Fac_Email`, `Fac_Mob`, `Fac_Image`, `Fac_Address`, `Fac_Dept`, `Fac_Desg`) VALUES
('F-123', 'Anirudh', '2000-12-01', 'Male', 'anirudh@mgits.ac.in', '8281020395', 0x89504e470d0a1a0a0000000d49484452000000b7000000b70806000000506ecf9f0000000467414d410000b18f0bfc6105000000017352474200aece1ce9000000206348524d00007a26000080840000fa00000080e8000075300000ea6000003a98000017709cba513c000000097048597300000ec300000ec301c76fa86400000006624b4744000000000000f943bb7f00000021744558744372656174696f6e2054696d6500323032333a30323a30322031393a35323a31300abec8f600001fa049444154785eed9d09781cc599f7ffdd736b6674df926df990852f7c626c632c0cd85c096c020496246c421208c190004920ce9384852f59027c219b400e36bbc906c80616089063036bc03697b1b1b1b1c1f8b62cebb664499e913467ef5b3d3558c78c667a3492ba47f57b9ef1d45b33d65457fffbadb78eae86402010080402814020100804028140201008040281402010080402814020100804028140201008040281402010080402814020100804028160b490f8bb200dd40266b9043590313face04caadd3228c89124642b40b6a4d0bb4436bdd36726faac8bec6eb2bbf97b177daf9b4e4a1b7dbe4751b00b36ecd954873efe13020d08718f80734b305596f10912e54212e57cca9a4342b6453e4d0ff477437492f65362179dad9d61092f6f6ec47bfc63c13008716b6475396ac8a35e4962bb8a6a6f21cf1e5348f087e9c43d2b87f1ccab2dd816c9120c46883b095614c06db1e216aaaccf92393792ab1314d45348f3b4c984875f3d8e069e2b2084b8878189da6ac5ade4a9efa470239f67eb122aa38f4ee663660beedf508f469e3da111e28e416d115c30631d79c56f92a80b78b63150d04731caafc341fcf8f51368e2b9131221ee41ac2ac16a59c2efa9662a799651f150b872dba646fc96db130e216eced5b3616d3b89ff47c96fd22b63ea85bcf8b336136e7cf9383a78d68441889b58558a5932f007aa8d053c2ba3a078bc0132be405e7c03cf9a1098f8fb84657519d6d2dbab145b4f8ae4641e6c1289bcd8e7a7b8d151e7c1569e9df14c6871af2ec7e56105cfd1c977f0ac4c860e139754b9d177d48337795e463361c57d5e39aea180f4293ae3569e3551b890046e2281bfc6ed8c65428a7b7529aea78ed6e3e4c926eac55d4b027791c0ff97db19c9843bb9b56558491dc76749d8669e35515931d58d2612f8766e671c136ab4e4fc4a548442d84e075dc2b326348a02bfa460d5c616bcc3b3320a99bf673c17cf808d84fd9c10f669587f43a1566c4d098a7956463161c4dde7c12324eca5dc147048e0157e194f5f9d8121ea8488b9cf2bc705f4f6d38825180c5df4555e37da326d0c3ce363eec580c55d865d949c15c911c44201ba4c21d4bcda8a169e6578323e2c7195e01bf426849d00f2723961131ee4664690d19e9b8d8e8443f88892ae488e20119282dad79ab1999b8626a33d7728887be94d085b0361093fe149c393b19ebbb6029508e1d0049c5e1f316160ede626e3cf5e66ace796c2b843083b354814dfe1494393919e7b6d25f27d211ca38373f22c8146e430ce7eb5c5d8438319e9b9fd41ac13c21e19147bdfcd93862513c5cd5aa3af4492825451245c5e5b84526e1a928c13f779a55845f236facdbde30e79089364c635dc342419276e05b88e270523c4e87599511d4a76077b6b079a249d6fa063241413aa371dc7416e1a8a8cf2dc2d9db848083bcd04f18f3c6538324adc92828b7852903e0c5ba79915732b58c95382f4b184dde8c1d3862263c47d71bebaa1fb3c6e0ad2048579b63e2f9670d350648cb8fb6c584ebde3cc6a89f483215bc48c11433088db78529066c261630e09668ea793b082a7046986421343deec9111e23e2b0ba52619b9dc14a41912b76545319673d3306484b8cd765c4a2740308a90502ee749c39011e296659ccb938251827cc7329e340c99216e5366eeabdd9f695595f8d6d7bf805b6ebc16156563bf878e2c610e4f1a868c68cc5795e02479ef8c8bb96d362b562e5b884bd7aec48233cfe0b980a22878e7dddd78eec557b07de7873c77f4f1fb91fd563b4e7153f76482b8a5da320433658c5ba2cec3bc39d5587bfe72d4ae5c822c879d7f129bf7f7ecc74f1e791cf50dcd3c67f49015cc79b5196377358d10c38bfbfc6294844d18fd333bca4caa28c5f9b54b5551979614f2dce408048278e2a9bfe08fcffe1dc16088e7a61fa3dd386c7871d7966209393bf6145dc320530c3563da24cc9d3d03f36657abeff97939fcd3d43974a41edfbdf711b49d189d673b29126e30d2d3d10c2fee5565f814c523cf715397d8ed36ccae99f6b198679d310d0eca1b0dda3b3ab1fe9f7f868387eb794efaa050fffb9b9a711f37758ff13d7709be25c978809b69c76c3661c9c23958481d3aabd5a2da669309267a67b7aaf80301ea68f117a5d96779b9d9911779e348daad7aebb1a2b7cf877ffe975f62db8e0f784edaf8ddc6267c91a7758ff13d77317e239bf0256ea68df9f36ab066f532ac5cbe086e5716cf350e3ebad8ee5cff20f6ee3bc273468e12c6e64d2da8e5a6ee31bcb8cf2dc6abe42c577373c4b01062dd8dd7e29235c65f1aded9750ab7dcf14334b7b6f39c914161c9610a4ba67353f7187ef84c9650c19323a67afa64fcfaa7df1b56d86c8c592f242a4b6e8e1b3fbae736d8289c4a0b92b19e4a9109317707c5dc79dc4c99b9b366e0a11fde098b65e073a03aba3c787ddb5eb49ce8425b7b37da3aba60a5ef9417e7a1a2349f5e0538ebcc19b0b0187c146142def9e111d435b4a3813c714373073c3d7d28c875a1283f074505d9387b7e3526970f1d46fc8fc79fc7934fff955b23a3cf84ac2dc7d1cb4d5d636871ff801cf7c63204e82046d4021515e6e3970f7f57edfcf5e77f36bd879736ef4420c1d8f1b44925f8ea67d7c09960c2255542a1301e7f6133b6ed1afe26743601b47cd14c5c7dc972f5028cd2d3db87cf7f65bd1aa68c94b08c999b1b70809bbac6d88f0d298293bcf677b995126c8afb81fb6e4745f9c0f51abbf71dc31f5e7c03e170e230e464b717273a4e61d1dc693c27bdbcfcc62ebcf6f61e6e0d4f7d53bbda8a545795f11ca8ad11eb4bb029fb1113c6efeb3c68e496ae31b4e7ae2d43211d401b3753e26b5fbe06575e7121b74ef3de0787f1ca5bbb9195e520cf5c8c6995c570bb1ceaf8b4dd66462b852807ea9a71e048230e1d6b46157d7ecbe72ee6ff3bbdbcb0619b2aeea9934b503da514d553cb5159920f7f20885e5f400d4f8e35b452395ad07daa1773aa27e1e2da816bc998f7ffd22d3f18f1343d5deae76e6ac21bdcd435c61677052aa530529ead282cc8c5e38ffd481dbf1e092c1e667d3b997ab7a30513a7c934b2feff9b5bdec3f77ff80b6ea5862261cda6466ce0a6ae31f66889841105b9d77de6b2110b9bc162ddd1143663a4c2669cb36c21e6cc1ae1485e6864753e96185bdc81d42bbaa8300f97ad9d78db9cac593dc2bbc546e850c612438b5b9653df2c66f5b94b61364fbcc7bf9fbd64645bbb502365980d7a0c2d6e0a7353f622e72cd77ef30eebb86ddd7900bbf71f4320307a4b4b93a1b3db8bb7b6efc3bec38d0885c33c3731c545f9a89a5ccead94308ce7367487527d32b0a2bd73c36e0078f1a99fa9b172b26c7873371efdaf57d1de1e99ca2e2bcac53ddfb806b3a6a56d823469fefbef5bf0db675f87c71319b79e31a514f77efd5a549625b707e863bf7d064f3df712b73412c6ba8d2d78945bbac6d89e3b04074f6a6256cd344dc2de7bb801ae799fc4339b7760faccc8161e4d6d9db8fb812770cad3a7da63c5a6ad1f62c9d577e2d9cdef22272f22e68375cd58ff933f20184aae3559ba782e4f69479152abf3f1c0d81d4a29b5fb26074fd824e2c9175e474f8f17c1809fc2113fcf054e7679f197d7dee5d6d8f0f8f39bd0d7d303bfcf875028c87381a3c75bf1c6b6bddc1a9eb9b3abe1487136555130701a57c7185adc146aa674868a0bb56de17de04813eeb9fd667c62d93c1c3b7288e746d87fb489a7461f165b1f3ed68a9bafbd029fae5d024f7737ff24c2fea3c94dd0b035e955934fcf606a811a3cc33cfed0d8e25610e0494db04e9516dccec835e4eb1b1a82b89d63d74a9b64993cae852eea3002fed32d4814172f6732b0f534a9409e7be80feb14a37beee48709fa5154a46d11e182d953796a280b6755f1d4d8b06056fcb22cd05016ad1778140aeb537228e381b1636e0529f5e64c266debc5aeff742d0af3dcdc3acdc239d370deb2b1ddabe6e6eb2e82c33e3432b878d542cc9e91fc43dc4a8a0a784a1be4b9c7b6073d020c2dee400827795213b28691124636851efff6a3af62f5f2b9c8cd76a28c3cff672e5d8107effa9ca651977450599aaf9685addd6661c894f2427cf93317e0ee9bfe817f23394a8a530c4b2474f1a4ee31f438f72237cece76610b3793e691ffbf1eb366c66fde2702eceef89bbe7e2fb79287ba1dd76c3989a7b9a96b8c1d96841064abf1b4d27f21ff44c5996247381c42274fea1e637728919ab8c7729b05dd924ac5112108718f0916293571b321b5894e384571cb21787952f718db734b08a5728ebaba3d3c151ba53788504b0f42f5a7e8e541a8b5074adff82e944a84e20d44ca7c8cca7c9c95b90f8a3f7e997b7b7d3c953cacae599d7353f7185bdc32821a16c47d4c73eb099e1a4ab8dd87501389d91b841250e81586e221b1377a113ea95d106301bbf8422dbd913207a9cc7e56663f420d741cddb187a553d94f902d5d6175ce4ddd6374cf9dec5aa10134b7c4dea4868923dc155fc04cdc4a8fbece6db893ca44175f4cc8d5864e90e849ec83a9abd7be6c80391256e7dcd43dc68eb9d9daa114c4ddd0d8c2530309b7279e9f089fd4d11c0689377c32f16c78ac16a7ee987671b3ba6675ce4ddd63f8b084c5815ae3ee0f3e8ab17f5e989af360e21847f1d177b4fca096b849638ca57ae464ca12a3bfb0ff501d4f258f084bc69068456bf5deeded4347b39450f28255346850f19c04d82b103fdc5182010a77baa09ca2be80a60b27b9ef2a312e9a5875301c512722c43d46d8e54813a9b553e9f3fbe8ff0cfc4f9299aa2289da60df934c1a2676adb68878bd24deee1324f64e287d1e7a79791ec5ff4cfc542698acea9ad26491acc9ad9189f53db60bac16a20e245ae746c0d89edb9c9ae7666cdd3ee8d12ea429c999789b07c9a96d7653b2b900335fe8c42ea820c5c87d3df4f246bc799817de648694a5f13e00bac82447e2f248ee81c7e5f1f6c2e7d3b672355ac7d13a3702861677a8237571bff0d7cd3c751a53813de2c1e3205964c8f91aef8f60178d2b972e8a1cea8dd95411ab990c993caac54a02759300f3c9d67e3ae4222acf307ba648761364f7c055842ffef50d2d0d844ab4a18bd6b91130b4b8a751eb4a6fea649b56816fd9b6073d3d83463e4824728533a677965c6698e8b394979a91b099c09988a59c2248b9c590b20b282f17b0a57ec303bb184d95546612f160e46c2b4c6543cbfca73f6fe4a9e460f51b8c483accebdc10185adcff4d9aa67a57f70ae4959f34a150007f7b79e88242164f9b4ab2609ae282a994ded96b8a1ba6e2ac613da426d2f467a2a8022f77c23499ca5ce2204167c15ce5865c485e7dd06feddc7d108dcdaddc4a8e68ddb2ba66751eb1f48fa1c5cda073a7de3818d0787f08bb5fe199e75fe3d6502413751cb3581c4c2f2d1dc87144edec52bf418dc3e35c88cfbeb0513d762d44eb365ad746c1f0e226d4d9887e4d6752b0f0f6485d23368cf1ddebe3c991a3ec78b76912f7a0906fecee864e03c617b772bac2b58626ec24fffc57cfa84f224b1beae80729221df4dbba211d3cfce8d324d6b0a67eeb8016b15f5d1b818cf1dc8c54c4ddd4d28e279f4edf4371155f00c1f7df43f0c04708b736438971c77c3c94801fe1f636048f1c40e0fd1d50bcc3af5ed4c29b5b765327fa03cd21c9a03a3594b88d114c0ec36227d6d151fc9c9b7038d8be1cdc48006b6e7b7ad8f66a363cf3c40f515830f2a7f832145244a8fe28948e1324d80024ab8d7ec409890dfb592926a6773616c73e53023e286c9b86de3eba10a830b209725e1e4c93aa20d9d3b36d047b64f67537dc83a3c79a61a73ea625c95d9bd9f09fb7ffea6d05b76ef7e2116ee91e8dd7b1fe28b781ed2e736dc4a2faa78820d993c79a67d6ecb24d2d0f1caac7c56b9691e6467ebd4bf487e5bc7c98ca2a21915025331588754a29cc507ce4c94f7543f19c52672ed9ef31f1cb2e37cce593609e5a0db9b028f27fd2c4cf7ef90c5e7ffb7d356da3eb2cd94364d7dc802156098f35f9b18f5bbac7f09e7b690ea6d20938cc4d152dde9b79eee809fce2e72ec5cd5ffe54c4c8105ed9f82ebe73cfafd53413b5cba5261332c46b1314d24cdbda85f43db57594317cccad56b63270bb81189b31c5a5ff45f0bb27ff07afbfb58b5ba3049b7e672bafd4e11d56d034753e6370b4ae09f7fdf877dc8af4319265481d521d1b49d88c4ce85032226d2e8779e2643b97fdc5cd9e6d73cf8ffe431d321b35984bf474d2eba41a968c56e3c96ea5fbf6f77e819e7eb7936989b5078c92441850c7462023c4ad48d8c9931fe34b729298c5ddfd87c64e797a70e36d0fe2c38f8ef29c3463a51e1d5b47c2a6e1ed4e9e995e5adb4ee22bb73ea07620fb93ace78e5577b1ea58ef6484b8c9f70d8925e2789f980cf668cceb7dedf687b06d47725b02eb89fae3adf8caba1fab21497f580b954c47325eab17ab8ef54e46883b1c8a5df12c6e64a16d2262753e59737efb5d3fc32b9bb6f31cfdb377df517cf9d6fbd5b1fbc1241b92c46bf1e2d5b19e199d806f8c39d389628b84983746b293cac67613c1460698b78fc545172cc5edebae417e9e3ef75df7f902f8b7ff7c114f3ef53279dea107c13cb6932d0e4c70b699338827ee808292f7bdd0b6e26a9cc9087113f22217fc743031a3ca64262e863bb10cb73b0bb7de7415aeb86c2589443fd5c6661defffc913686c8abf5d056b99d8f0e870b070840d8bc6821abfd00e8fbae97c9ccb5f9f648ab841e26ea28329e5e6009816b3d88ad56182b058e3bab13873ee74753c7cf9d279f4f7c6affaf67c7858f5d4c9844d89c6fd59e8c6841dafe5a28f9b49dca93d8a611cc918712f76a931e199116b286ca480097c38fa4fe824a2acb400575e7e1e3e79e939c8cb75f3dcd1a5b7cf8797366c5597eaee3f98dc53c1d9859d68e2862d7f49d0f97e7fbb07f379da306484b89791730a38d1464733ecd89a951a5636fd1c0f768235ac73826231a367e9429c73e5855831b51c67b96d986596d2da4b3f1c52b0b52780adc74f60c38b1b61d9b405a69e5efe6962d272cc0abc162f8ab6d0f5c5730c4146889bbc36db79fd4f116b78d88966273c1e1e4fa4991e0eef8ca93871fe0a9c5cb618a1ac81c1ac9b6af4645e90fe481812bb475222a933f7c9ded53026469547672c595cc0d26c0d0abdbeea73e037fe81978a14082277c76e1490c87376249e57611dc978e1181bf2eb4d5eae9f22effd3c4f1b824c11f71fe9ed9a889598e104ce3a95f1a6ef43ce2cd45f7f15da6b877f7e7aa89405b824567f1f141fa9a7ffbaeca8d0195151c7e1ba600e9e0ec69f7971eff908531e7b12b6387b1f0e178a691436e32912f7c70bd48c40fc9a33088b9db8832ed13bb899142cae661a8b3563c7bc5cacf8f3e4b2453878f72df0d4cce039f1f9818b8997fd800592cd0189de5537121573f4958067c3767c108ee376097f71214e5c702e6452aaf3e0514883fe261b258ae5b5531036636eb905a79a02789bdbbac7b0e2ae05cc0559b8839ce0433c4b13f104cef25874d07fe4a0f1aa4fa0fe866b11b60f13bcf62322ee7ed08f48ecee775b16242bdb3e829a0d521dd3fbc7ff9c363e2691b8190afdedee3367a1774a25f2df3e3d72c28e23d6f83e3bee14841d41c245656678675217a08eaa88e7ea9681b56900963a501994710515fc9b54fa113f272fd6244f7fcfd6bd600e0edc754b442d4912094b46ce921321bc174cece1a3543cf92794fef965351d2bf44a34969f340a8e52a91e3287f1c2d65e1ce7b9ba4397e29e97833c6b10df5224b027f7b3e9971a2a680d556a0d9538c915c9c9c39a6e3616dcbf0967c382bd79f9d87bff7a045dda1638a54bdc8b49dc3b35885ba2e6a6fabe9f22fba30303662459b4c24644d8459b761478e89ceca39f603731b0574052e0f69bf1e0eeaed49e36972e7429eed9e4741c2e75d869f836398d449bf1e8640713c2cebbee84e78cc431767f588576b3bb6f420a79ce3e98ccc92b4a619b5ff7d9e00bdb28dc002ef376e2cd609203ef1c4b673796dcb11e3653e4ff45c3902442fc7412eef5c0f1213516dc1e17c64c3c5a609542e7a2819b63023bf94c04d1891c75159dfdf49c7d2e750aa75a9c38c39a8d05b65c2cb5e7639e2d07560afaaf30956253eb0c341eae46e79e2a38643ab3591e4dc26648b2024b561f5cae2eb81d5d78696f199a0fcdc0d69699b8599904b76cc65cfa4df6db0be87d96cdad96298f7558398ad5ac865aaccfc0bc353b9e3116361b276a186f613374dba1a49ef93f901b9cc2cd318309818d969c587e166cbd5e9866cfc54cab1b1566872a2e876c828504cd1ed46aa3f787c3d37197af08a587bb60ed0b5268a0c05ce88794a5cde30e46f1cbf0ef73c1e20ba1f054109764176399ad105b2c1ef5b759191c92492d5391c9867c7a85a88f97fdf6dbe873ba21ef3d16773a7db4a1b064575300a76f011a2774e9b955a4f1bda5a9ebac25c8bdfab3a821613bd9644c1cf64a5e2a2b0523ced3232981a618c3141a0935f59b1cb2d069a25664af1c7ff10b2b23bb084bd65c86d6b517f2dc71629ccf5d14dd8a9b1ce85b3c392e942f5a822cf28a89d866f62248ae4a729f1677a899843942af196c3c7d81c82e3bab0fbc634abcb28b79f3e955d5910b6e9c18ef731745b7e2963c78824204ed8fdc4a03526909b2a8694f8616298817cc5d90f29de461231e5e0948f01f4c7d5027d4e240a8938fe39148a562375e3677a34e4e2e8c75500c2e4f1f9fc77fb373c6ce1d37c715dd8a7b3bf585c8f7fc8a9b6386ab7c32e67cfb3e6e25c7efaded38650ac3547efa6686c061377970ede149b8db02dfeed39b03c9854ef4da65fcbb2dfe7aed58ccffee8f51307b01b7c60e76ced8b9e3e6b8a2db0e25a3d48c8fe8f2bb8d2a6cd4cb69cf2bc4c275ebb1e2fbff8a92aa1aecf73650f3ca8281c4b0815daf14c672732e142f7957fe70d3200b4f58e173a9879a284aa09f0a363ae07b2f0f4a907f995a02794a3e1eb77550f893bc5ea8bb8b1555cb50f3a9eb913bfd0c9c3cf0217c5da33fe44c871050c2f86c73509d9f1877742d6e5649651638a9655ec9b34685aa8b3f8d0b7efe5f285eb80c129b2aa71f64b26ef30fd80e65580e98fc581474a0248bc291ee5e8a2d221746b8c386e03127149f4c7f3772b9483c94577c26844f59102251fbdfcf45b0218b32b9b06509a6a90538640fe1217baba610bec65589327bbe9ace993a1333afbc5e4db7eddaaac60da3868287deeb496e75e65890c89fe801760bd99fa9a097723b6d984988677ffb5f30f5d2ab78ce40b676ed475d4fec6756c6220766fcaa67128a7c124247dba1f4c65881c5506b9d441615f2602c6698aaf2d19d25e3a6ac7a9c90e2fc9d1854d80bb03c77967a810ea675e73b78e37b5f434f4bfaf765a1a3f9db0e0f3e4949ddac39d1b5e7e628935cf88b1254c7bd8b78de88299cb308173cfa47942c5ec17386c2846237d9540f1e567deef0f8e85bbbcc3eac0de5c052e0240f6d82d243614a4c6f1943d8d403928bdc6a2812b2c958ef68c25139b9c5202649c6fceca998ef9e1653d80c676925a65ffe8ff01caf43d791fd3c370d28d86bb6e192865e68b8d563f43182b84195e62b75e0256ad5998b1df13d5db33f7f0b56def7286c3991a67b38f22d2e4cb617a133e8454f28b1d03aa4209a4c219c1b7441cab2422ea6e2d2bbba0a908d7c90ee24f2d84ceeb29542209b05b2937d2f1b72652e64b75dfddebfdadbf0a629b92d8cf32dd958953f570d45e2093b8ac96ac3940b3f89ac927234befd1a623da352238d61132edadea9bfed8d87af099d71b6132501097fa4429fc7b334b3e06bdfc1dc2fdcc6ade461623ce06dc49e5347299c4e3cfb785d201f37f80ab835945ef2d28e38ba7ac2da81df59633f9fbe3fcc5bcf764d468db332a1a863717cf3dfb1f9ee1b1156b775d30ed5c9468b826bdff1c6de5663bc3184e78ed2108077a51f4f745860a773790ecf4e9a0537df8db95ffc3ab7b4c1a4536075635a5619cc9209dde4c943ece68338ec36f5a2410e6259d049953c54786c40848431003619f4b0ad0dcf58871fd9b0528f74a6ab02cbf266a1d4969792b019d953662077c62cd4bff637cd1e9c22ad07a67bf14f2f07f43132120b43899bf121d56b53001bca6c78975cc7123aaff1dd633fe6dff46dccbbe11bdc4a1d3379cb225b0ea63b2b281eb790c87b1088e3c98f50bccc44be22e4846dd094c26071b3a1c4efdb1bf1ba397e28e2a0f87f8e6b0aceceab2151e7ab17d948c9a99a819c693538460257ef144a00897a3f1dca3f51e7f117ec5cf06c5d6238714769f2e3c0ca007ed969431dd5f042d24adcc722ccfedccdaad74e276cf15201c5bad5ce72b8cc0e78827df0858736ef2de4bddfb4787036797077bfeaee2fee568ad3bfe9388e8f4cb1637af6f7cf744fc55939335168a3d89c2eb0749233b51aeeca2ad583c7838a7a4c9670c7340f6e7cc5201bd0a7d69ee90c75fdb71337d10958479a9bc9b35572aaaa71d993af404e76b3bc14613a6deaebc03e6f3d4ef8bb2399fdc853ccb8bfaf1cd343913528d1989b4da9df6d6f401b5d0483c9b7b8d531eb0a5b41caa18716367deb8ba8dff4776e45609e9a7ef9915e2f7ead8765ac5ac80871f76771369652ebfa790a5faf9164a968cd63cfa378fe52fee9d850dfdb861ddd87e01fe4c99dd49edfdb5b8ef921872aee3aa90feb49d8dd1492f4c742e1c6829ce9a87294f09cb1a1a7b5092f7e6615825e4f9b22e1296a201edfde8dadfc63c39171e28ec26e203eeb57fff970c5aab5eb78d698c242941d5d0771bc6fe09a902c45c61f7aaa282c91f125c711744903e3f5727b3e1665cf50e3ebf1a0f3e0072f6cbcfcc2ab3651e4c4b30c4bc68afb07af29e69c92e6563ac03c9e352e30713391f78fc7bfe02f8099bcf86facea93bd55d80808f3d6531cc53c677c501425242bcab46fccad38c6b30c4b7a7b263a22a7b469c1780b9b51692fc4c5458b31c9717a72f52f962efcd5dcc9adc84ce845c58bc75dd80c8aed4d8a2ca53c8fa0273256dc08cb9ac7c1470bab6cc1b2dc33b0226f36ecb21527e5103ae49032385f2f50e778154f1a9acc15b7a4e846dc5198875e4b5ebcc25e84227bbe7fb047d70b92229dcb9302814020100804028140201008040281402010080402814020100804028140201008040281402010080402814020100804028140201008040281402010080402814020100804028140201008040281c01000ff07f849124deddb64d80000000049454e44ae426082, 'Kochi', 'Computer Applications', 'Asst Professor');

-- --------------------------------------------------------

--
-- Table structure for table `login`
--

CREATE TABLE `login` (
  `ID` int(11) NOT NULL,
  `user_id` varchar(30) NOT NULL,
  `Password` varchar(30) NOT NULL,
  `Role` varchar(10) NOT NULL,
  `account` varchar(20) NOT NULL
) ENGINE=InnoDB DEFAULT CHARSET=latin1 COLLATE=latin1_swedish_ci;

--
-- Dumping data for table `login`
--

INSERT INTO `login` (`ID`, `user_id`, `Password`, `Role`, `account`) VALUES
(1, '1003', 'Company123*', 'Company', 'Activate'),
(2, '1004', 'Company123*', 'Company', 'Activate'),
(3, '1005', 'Company123*', 'Company', 'Activate'),
(4, '1006', 'Company123*', 'Company', 'Activate'),
(5, '1007', 'Company123*', 'Company', 'Activate'),
(100, 'Sheila100', 'teacher123*', 'Teacher', 'Activate'),
(123, 'pc@mgits.ac.in', 'admin123*', 'Admin', ''),
(321, 'staff1@gmail.com', 'teacher123*', 'Teacher', 'Activate'),
(5004, '23MCA08', 'Student123*', 'Student', 'Activate'),
(5005, '1001', 'Company123*', 'Company', 'Activate'),
(5008, '1002', 'Company123*', 'Company', 'Activate'),
(5009, '1003', 'Company123*', 'Company', 'Activate'),
(5022, '23MCA11', 'Student123*', 'Student', 'Activate'),
(5023, '23MCA01', 'Student123*', 'Student', 'Activate'),
(5024, '23MCA02', 'Student123*', 'Student', 'Activate'),
(5025, '23MCA03', 'Student123*', 'Student', 'Activate'),
(5026, '23MCA04', 'Student123*', 'Student', 'Activate'),
(5027, '23MCA05', 'Student123*', 'Student', 'Activate'),
(5028, 'F-123', 'Faculty123*', 'Faculty', 'Activate'),
(5029, '23MCA11', 'Student123*', 'Student', 'Activate'),
(5041, '23MCA25', 'Student123*', 'Student', 'Activate'),
(5042, '23MCA21', 'Student123*', 'Student', 'Activate'),
(5043, '23MCA25', 'Student123*', 'Student', 'Activate'),
(5044, '23MCA21', 'Student123*', 'Student', 'Activate'),
(5046, '23MCA21', 'Student123*', 'Student', 'Activate'),
(5047, '23MCA21', 'Student123*', 'Student', 'Activate'),
(5048, '23MCA21', 'Student123*', 'Student', 'Activate'),
(5049, '23MCA25', 'Student123*', 'Student', 'Activate'),
(5050, 'F123', 'Faculty123*', 'Faculty', 'Activate'),
(5051, '23MCA12', 'Student123*', 'Student', 'Activate');

-- --------------------------------------------------------

--
-- Table structure for table `notice`
--

CREATE TABLE `notice` (
  `N_ID` varchar(25) NOT NULL,
  `N_Title` varchar(50) NOT NULL,
  `N_Content` varchar(200) NOT NULL,
  `N_Date` date NOT NULL,
  `N_Doc` varchar(200) NOT NULL
) ENGINE=InnoDB DEFAULT CHARSET=utf8mb4 COLLATE=utf8mb4_general_ci;

-- --------------------------------------------------------

--
-- Table structure for table `placement`
--

CREATE TABLE `placement` (
  `P_ID` int(11) NOT NULL,
  `Stud_ID` varchar(50) NOT NULL,
  `Stud_Name` varchar(50) NOT NULL,
  `C_ID` int(50) NOT NULL,
  `C_Desg` varchar(50) NOT NULL,
  `P_LPA` int(11) NOT NULL
) ENGINE=InnoDB DEFAULT CHARSET=utf8mb4 COLLATE=utf8mb4_general_ci;

--
-- Dumping data for table `placement`
--

INSERT INTO `placement` (`P_ID`, `Stud_ID`, `Stud_Name`, `C_ID`, `C_Desg`, `P_LPA`) VALUES
(1, '23MCA08', 'Anirudh J Bhatt', 1003, 'CEO', 48),
(2, '23MCA25', 'Arun', 1001, 'CEO', 24),
(3, '23MCA21', 'Aswin', 1004, 'CEO', 12),
(4, '23MCA11', 'Bhavini', 1002, 'CEO', 12),
(5, '23MCA05', 'Chris Brown', 1001, 'CEO', 7);

-- --------------------------------------------------------

--
-- Table structure for table `student`
--

CREATE TABLE `student` (
  `Stud_ID` varchar(50) NOT NULL,
  `Stud_Name` varchar(50) NOT NULL,
  `Stud_DOB` date NOT NULL,
  `Stud_Gender` varchar(10) NOT NULL,
  `Stud_Mob` varchar(15) NOT NULL,
  `Stud_Email` varchar(50) NOT NULL,
  `Stud_Address` varchar(250) NOT NULL,
  `Stud_Caste` varchar(50) NOT NULL,
  `Stud_M_T` varchar(50) NOT NULL,
  `Stud_Course` varchar(50) NOT NULL,
  `Stud_Batch` varchar(25) NOT NULL,
  `Stud_ID_No` varchar(15) NOT NULL,
  `Stud_Reg_No` varchar(50) NOT NULL,
  `Stud_Father_Name` varchar(50) NOT NULL,
  `Stud_Father_Occ` varchar(50) NOT NULL,
  `Stud_Father_No` varchar(11) NOT NULL,
  `Stud_Mother_Name` varchar(50) NOT NULL,
  `Stud_Mother_Occ` varchar(50) NOT NULL,
  `Stud_Mother_No` varchar(11) NOT NULL,
  `Guardian_Email` varchar(50) NOT NULL,
  `Annual_Income` int(11) NOT NULL,
  `UG_Univ` varchar(50) NOT NULL,
  `UG_College` varchar(50) NOT NULL,
  `UG_Course` varchar(50) NOT NULL,
  `YOP_UG` int(5) NOT NULL,
  `Marks_UG` int(15) NOT NULL,
  `Board_12th` varchar(25) NOT NULL,
  `School_12th` varchar(50) NOT NULL,
  `Stream_12th` varchar(50) NOT NULL,
  `YOP_12th` int(5) NOT NULL,
  `Marks_12th` int(15) NOT NULL,
  `Board_10th` varchar(25) NOT NULL,
  `School_10th` varchar(50) NOT NULL,
  `YOP_10th` int(5) NOT NULL,
  `Marks_10th` int(15) NOT NULL,
  `CGPA` int(5) NOT NULL,
  `Stud_Backlogs` int(50) NOT NULL,
  `Stud_Image` longblob NOT NULL,
  `Mark_List_10th` longblob NOT NULL,
  `Mark_List_12th` longblob NOT NULL,
  `Mark_List_UG` longblob NOT NULL,
  `Stud_Year` varchar(10) NOT NULL,
  `Stud_Placement` int(5) NOT NULL,
  `Stud_Package` int(10) NOT NULL
) ENGINE=InnoDB DEFAULT CHARSET=utf8mb4 COLLATE=utf8mb4_general_ci;

--
-- Dumping data for table `student`
--

INSERT INTO `student` (`Stud_ID`, `Stud_Name`, `Stud_DOB`, `Stud_Gender`, `Stud_Mob`, `Stud_Email`, `Stud_Address`, `Stud_Caste`, `Stud_M_T`, `Stud_Course`, `Stud_Batch`, `Stud_ID_No`, `Stud_Reg_No`, `Stud_Father_Name`, `Stud_Father_Occ`, `Stud_Father_No`, `Stud_Mother_Name`, `Stud_Mother_Occ`, `Stud_Mother_No`, `Guardian_Email`, `Annual_Income`, `UG_Univ`, `UG_College`, `UG_Course`, `YOP_UG`, `Marks_UG`, `Board_12th`, `School_12th`, `Stream_12th`, `YOP_12th`, `Marks_12th`, `Board_10th`, `School_10th`, `YOP_10th`, `Marks_10th`, `CGPA`, `Stud_Backlogs`, `Stud_Image`, `Mark_List_10th`, `Mark_List_12th`, `Mark_List_UG`, `Stud_Year`, `Stud_Placement`, `Stud_Package`) VALUES
('23MCA01', 'John Doe', '2000-05-14', 'Male', '1234567890', 'john@example.com', '123 Main St', 'General', 'A', 'B.Tech', 'CS', '123456789012', 'REG123', 'Michael Doe', 'Engineer', '1234567890', 'Sarah Doe', 'Teacher', '0987654321', 'john.guardian@example.com', 50000, 'XYZ University', 'XYZ College', 'B.Tech', 2022, 0, 'CBSE', 'ABC High School', 'Science', 2018, 90, 'CBSE', 'XYZ School', 2016, 88, 7, 0, 0x696d616765312e6a7067, 0x313074682e706466, 0x313274682e706466, 0x55472e706466, '2023', 0, 0),
('23MCA02', 'Jane Smith', '2001-08-22', 'Female', '2345678901', 'jane@example.com', '456 Elm St', 'OBC', 'B', 'B.Tech', 'CE', '123456789012', 'REG124', 'David Smith', 'Doctor', '2345678901', 'Maria Smith', 'Nurse', '1234567890', 'jane.guardian@example.com', 60000, 'ABC University', 'ABC College', 'B.Sc', 2021, 0, 'ICSE', 'XYZ High School', 'Commerce', 2019, 85, 'ICSE', 'DEF School', 2017, 82, 7, 0, 0x696d616765322e6a7067, 0x313074682d322e706466, 0x313274682d322e706466, 0x55472d322e706466, '2023', 0, 0),
('23MCA03', 'Mark Johnson', '1999-12-10', 'Male', '3456789012', 'mark@example.com', '789 Oak St', 'SC', 'A', 'B.Tech', 'EEE', '123456789012', 'REG125', 'Tom Johnson', 'Businessman', '3456789012', 'Linda Johnson', 'Engineer', '2345678901', 'mark.guardian@example.com', 70000, 'LMN University', 'LMN College', 'B.Com', 2020, 0, 'State Board', 'LMN High School', 'Science', 2017, 78, 'State Board', 'GHI School', 2015, 75, 7, 0, 0x696d616765332e6a7067, 0x313074682d332e706466, 0x313274682d332e706466, 0x55472d332e706466, '2023', 0, 0),
('23MCA04', 'Emily Davis', '2002-03-15', 'Female', '4567890123', 'emily@example.com', '321 Pine St', 'ST', 'B', 'B.Tech', 'CS-AI', '123456789012', 'REG126', 'Robert Davis', 'Lawyer', '4567890123', 'Susan Davis', 'Chef', '3456789012', 'emily.guardian@example.com', 80000, 'PQR University', 'PQR College', 'B.A.', 2021, 0, 'CBSE', 'PQR High School', 'Arts', 2019, 87, 'CBSE', 'JKL School', 2017, 84, 6, 0, 0x696d616765342e6a7067, 0x313074682d342e706466, 0x313274682d342e706466, 0x55472d342e706466, '2023', 0, 0),
('23MCA05', 'Chris Brown', '2003-11-20', 'Male', '5678901234', 'chris@example.com', '654 Cedar St', 'General', 'A', 'MCA', 'Computer Applications', '123456789012', 'REG127', 'Paul Brown', 'Mechanic', '5678901234', 'Nancy Brown', 'Teacher', '4567890123', 'chris.guardian@example.com', 45000, 'DEF University', 'DEF College', 'BCA', 2022, 0, 'State Board', 'DEF High School', 'Commerce', 2020, 89, 'State Board', 'MNO School', 2018, 83, 8, 0, 0x696d616765352e6a7067, 0x313074682d352e706466, 0x313274682d352e706466, 0x55472d352e706466, '2023', 1, 0),
('23MCA08', 'Anirudh J Bhatt', '2003-01-14', 'Male', '8281020395', '23mca08@mgits.ac.in', 'Kochi', 'Hindu', 'Konkani', 'MCA', 'Computer Applications', '123456789012', 'MUT23MCA-2011', 'V Jagannath Bhatt', 'Retired', '9188130395', 'Chandrakala', 'House Wife', '8547063395', 'jagannathvbhat@yahoo.co.in', 3000000, 'MG University', 'SRBS Gujarati College', 'BCA', 2023, 87, 'CBSE', 'BVMG', 'Computer Science', 2020, 75, 'CBSE', 'BVMG', 2018, 80, 9, 0, 0x89504e470d0a1a0a0000000d49484452000000a6000000a608060000005088f4770000000467414d410000b18f0bfc6105000000017352474200aece1ce9000000206348524d00007a26000080840000fa00000080e8000075300000ea6000003a98000017709cba513c000000097048597300000ec300000ec301c76fa86400000006624b4744000000000000f943bb7f00000021744558744372656174696f6e2054696d6500323032333a30323a30322031393a35323a31300abec8f60000167349444154785eed9d09781455b6c7cfadeece4ac24ed8b2b18504644f828038caa2ce63092a3aca883be0e843d4d151d1872838e2b8a0f214d0278ebee7fb9441321f3aaee8e0c216407db20902867d098490bd97baef9ceaeb484277d349ba3bb7aaefcfafac7b4e779aaa53ff3a77a95b55a05028140a8542a15028140a8542a15028140a8542a15028140a8542a15028140a8542a15028140a854211bd30b15604c1e4c96073ede993a1d9a00767bc07e7d083e11ac3d8133f6e0bc0abb15c85fe4a06bc0a7db8a0cd7825431f67ec0760fabad2b894efd7ac59e3367e54e113254c3f5c3db46bbc87278f41918dc220f5241102e3190c98437ca509a068396cc4c23a0eda5a00cfbac2a29d27bd9f290825ccb328c8ed8d594f1b87412940118ec5f024888f22c11acca68bede5da7bcbb76f770a5fd412f5c21c9fd72bd30eda4414640166c5118c814d7cd42c70ce8fe336bcee06cfd2551b77ed13eea8232a8579e3c5e97167aa13ef4011dcc418eb27dc52c101743c381f73a63f5ab861e766e18e1aa24a98d3060f761cd7aa6ec5dd7e04b35217e1961a43a09cbfc6813f1c4dedd0a81026f5a6ddc5bda700d71ec33dce146e5381d9fd14ae1ee95fb463c95c14abd76b5dac2e4c36292fe72a3caa8f0363d9c26776d6d934d7e4bfaddf7d48d896c4b2c21c9fdf37c5c63d2b18b0e1c26519bc1d2476ddca8ddb3f172ecbd1ac3dd070317168d6051a872f5094170897a5405126720ebfcfe9d2be72c7e113eb84db52584e9805b97dc6699cfd030f5e07e1b224d879d3b0be1b9bdda59d6be7a192af84db32584a98d89ebc070fd6323c6871c21505b05128ce4a14e75ae1b004961166416ef662cc92b3b1d11c5543605ed8d8de5ddab7c96ad779fd8fc78ed508a7a9b1c4419c949b3d13ebb6178419cd9480aecfb167ee5cb27c397884cf94985e9813737306680cd66331d6eb5170806d4cd3a7ae5cbf738b70990e530b73dce0c109765bd566ec7df7162ec52f7028d73536e1ef1bb6fd53784c8526d6a6c4a155bfa844e90706494ce71f4ecacf99203ca6c2b419137be057e36ab9d752f88573b7ceb52bffbe69db2ae1310566cd987442cdf316150161ccae69fc75ba12263ca6c094c22cc8eb330657595e4b1104ed6cba67a9289b0273664caedf294a8a20618c4d98989b739330a5c7746dcc89f959198cdbf6e0869bbae3d61c700e874a13da6798e14638d31d5c4db7dda144d938687274ebaae3570a536a4c77803970d3544752c260a628498da9845930a84f77abcf1a0a37343ff5aa21d90385292da612a6a6e9434451d1043c1a4c124569319530750d724551d1342e156b69319530b11a52193334e48de9d72f5194a5c434c29c43dbca619030154d004f704752ac678430a5c434c2dc92d72b1d239a244c4513d14197ba59641a61da75473b515484866e622d25e6696332de569414218031a684190a18401b51548404ae84190a74a684194a38b02ef4e81c614a8779aa729531430acd37387efc626927f198a82ae72d45d1d264746d0f374cba08dab50eff0084ccb38ca43d63ea33293767016eed03c2b40c9ac6a057662718d8270372fb7587b4cedec18703474ec223cfbc0395d5b5861d723877af2cda1182c7768707d308b3202ffb7106ec51619a9a56c909302027c310e380ec74484cf0fde090ed3f1d82275e5c012e77e86f11e71caa0b8bb647f251de0dc23cc2cccd7e8431f684304d016e2fa4b46b095d3ab681545cba766a6b54d5e95ddad3dcc8a058bb79173cfffa0724a4d0c2a17c65d1f6646149879932e6fd98319f166648689118071d513874cc759de3c1e7b8d68d3265a9ea1a27d4d4bac0e9f2df148b8db1435c6c0c24e16f9100bb766c8b024421a2083ba7b48618875d7cb3f17cf6cd0fb0e4edd5c6f6850cce4bb12a97b643691e61e667dfcd385b28cc46d123a323f4cb4a836e691d7049810e6d834b1824d4ea5aaf485d28d21814633c8a312ed66164c548f055d14e58f4d78fc183274e28a0676c1616ed90f6ce493355e5335004af08b341505b6ed2657990d3c3148f5df74bd1ffed81e75efb20346d4e0e87b12a973620a6192ed238948a62d050d5fa9787a6c0ec3b27995e9404f5da1fbff79a7ff5dc9b02360a5ca22825a61126d7d809510c8a417d33e1a907ae83cc546bdd89d1139b237f79780afc7ed24546fbb6b16055b95f14a5c43455f955f97dfbe95cff5e98011935ac2fcc98323a60fbaff87009ec2d3e06fb0e9e80625cce545443db3649d0a97d2bb828b7b731b6184976ed3b62b4238f9c380d274f9543728b7848c71e7c262eddd25320dd47963c5652062f2cfbd0f8db06c3f952ecfc4c17967498469813866575b6b96de77d53430f3c88f3eebb16ec76df97813dd891f9ef955fc2aad5819fd037a86f379875cbe5901017dea71b56d5d4c2c2d73f822d5bf70a8f6fc68f1a84597224d8b4ba878c3a43efbebf1edefb78036a4d388380333eab70c30e699f296a9a270af74b4aa9d56320e0007b427c2c3c36eb6a484a8c179eba60c685b92fac806f36fd283cfe3972bc140e1c3e0923307b8693675ffd00369f47940465c5edbb0fc2c543b3ebd4041a962fc84a35b267f1a112e10d06edf99d874eec11867498a68d69bcf89343b9307df26f970c84f66dfc0f01157db7d738b8c1b2e987bd50521af09f6c12f4dbf46f040b6d3bed832fa6148c3086af8205cfd11da22825a67a067b7697f6b763e3a3b530eb101f1703f7defadb8003daabd76d855d7bbdedb1e4a4041836b897b10c1fdc1b2e19da07b2ba7706a7d30525a72b8c6e2b419fb70dd3848a83474fc1eab55b8d32c32a3aa77b1718376a308c197e01f4eb9d0ebdba75827678a29d2aab845adc2e82dac17419b33eb4ff1cffdbfae301e109009ee0859bb63f242c29314d1b9328c8cbdec880f9bc5765f8e02cb807851908ca507bf71f8356c989d033bda321065f9c3e53091bbefb09bf7b1c6eb87224b448084f3bb3a2aa16de7aef4b63c03f7f400f63bb7cc1b15dbcbbf8a8b15d7461c0dfcca35378424d9ffdea79db9a28e0a2c28d3bf2842925e612666ece07d8a4f2a93eea858fc64c13ed3cb8e06df8a9f898b07c83c27db3b068fb8dc29412334d1426fcb6eefbf54e13a5e826b77f7751f20f63fc07519416530933d66e2b13c53ad86c1a74681b15f388cf4bffec0c51f28fa6c36a519416d308d3f9f1fce1d75f3660aa30eb40932c145e685653a00b0b2de263f5b71ebf5eeaa77010a610a6fbb3f977338d7f91d9a58dcfb448d3c1423923ccccd0654a9a03ea8f81599d3487837d4e31152e29915e9818c0ffc0d542cc028ed40efe034ef3281b4b6959a5712950166a9d6ef8f9d089464f714bebecff16fc013d3b5346a501cf8522b65222b530f5d54f74c75cf8b030212931169271f145630ee281a32761daec253071c602b876e673f0bbbb17c2773b7e169f461e9aefb96069215c7ef33c98fac797e08a5b9e84b7577d6dd4080da1738afff9bffd7a74142563d8e8618ab130a5426e61ea8c5e305547895dfd644d8fa761c22c2baf824f7779e0b125cba177dffe86eff0f15370cfbc378c31c3e6e08d8fb6c20d0f2f82ab6fbccdb06b6a9db0f8ed4fe0adc22f0d3b5852fc4c80cee8d41a5a25fd7ab996624b3116a654482b4cd7a74fd0f4a073c62c53535a89525d1a2acc370bd7409f41f9d0353d037ae5f4155e6fe65df2bf9f082b726cdb7d002af404637b860cbb4878bdbcb9720d945704ff52dd0e7eda98fd7af89831853136622d19f2664ca68d14a53af8cd980daccab7eedc0ff3ff340b1e983615fef1debbc2eb65dbae830dae3e9bca5614266d076d0f6dd7d9d03d47bb8b0f0bebfcf81b3a1b39305394eae127d6cd89b4c2649cfbbc8ce3af03d4d09bbeaa9d2e387dea24acfde767e076d79dcced74b9408fb0306b6a9cc676d0f6d076d5a7a626f809e7edda2461221486a077467b48efe8bbb6f117ebe6445a6172603e83d52bad1dc4d79b45e3b0db8c490c0da17b9afffbb032bb76009b16d9d0f4480f3c31b97bfaaf9d96f341f168ddb285b0bc5c96df4b94cec55fac9b132985c9372d7160cbdc67bd4341cfcdee2a2c2ffee65f06e2baf123fc8aefba0975db789160e8c09ed02dd5f7c972e9857d038e4dfae2ecefb76c110743fb06b8648bb136622e11520a930d998ef5163fb73e130cef5f77da57f2593dcd60e995d1091e9a5150670e233dae65eaa48b61140a21d2d049f2d8ccc990dab1ee1824cda4bfe7e671c20a1eba37e8172e1dd21decb640879a9ff4c65c1ea49d5de4fe74fe6adc3a9f6f57a01ef86d4fae808a6aa761d394b1fba78d37ca0de5f8c932f876fb3e630c71404ea6cf7b6b22090d117dbb6d9f31c64a274fbfde19c609d350b66cdd074fbe5c0869d8ae9c377dec39cd9f3a70f8dc3e66f628614981941993e00cbc33687d40933686f7ff75b2425eff1ea2d470a8077bd9450360e2e8dc661725414ff5b87050165cf3db61c689d2185112fd73d261fc2503e0c1a9bf092c4a2450ac9b0b6985c918fb4e147d72c315038d76d325f9bd8dbb1a1575a1a6c18d138742fb56e79faf71be583707d256e5fada67e33d95353b188373ef23389bd80460f1757ba00a2fbcba02a0b64a58bee11c8a6d8971d9dab0fbaa854b0aa4cd9846a018d41d69f685dbdbce54f82098d8608c65132521ad3009c7e8d985784e7f244cdf78dcc669afa807c584621310fe9137c6f221b530090dd84dd86b0c3c8b4165cd73395f4c30a6466c25457e618e9e7dcc56daf352cef9d3b8f84c8dbcde254585ff98500c91a729a6145be1960e693b3fbe707d327f1468fc2a066c0406b72ff62619ae8f3147cc36d6a2b5f46f948d24bca2f473ee72f6c110a5901271bd9503ff1a74b6c23176b6f4f7fc984a9867c3bf98d38aebf6b6daa847f7703e47f36cea5a823d789f0f43083d78883d1e60b6e0268e706ceb311b3d5b2232e1c67aa5d436e4603bc6e6ea34119869ee93ec92b9f24cd10f02d30ab33e9ea2a52b81b102618615121a949f02667718c355e0f0f3400457ad315c6354ab496d82167293e1bcd0963b4dfa97e50742fa3666b070605f8862d8619add1019098e5796012f2b01a828055e556e2c46197dc667f81dfa2efd4da488642cc2856584a9d9b4cf4431fc503d93904cffa8d7e6ba372b3aab8dc528a3cf80be43df8d60dd14d1588409cb54e5847bd3d20dd8318adc33796890c010a2936696a02d9e8dce508cd8a664f618809878b42317666cfd6eb40f99962f4cd362998c2968d4cb031a0d098e2e8926b60296dc16970e62c132fa8cf667044529886c0cc284a584a939cbdfa11ea930230f69b019eb20da778a81304d8db58439ecbe6ad4c55f851975d0becb78ddbb3158ad2a07c66dcf61cbcf1207a721d03ed3be0bd3f4584e985ade2d0718e7cf08336aa07da67d17a6e9b19c3009e6885bc0390ffe46ec20f0fcbc17dcc57b809f3e15c4ac1d1fe0dfd0dfd26fd06f8512da57da67615a82666caa8717f7a6a5373160cb84d974741d3c078bc173f41096f18c6ed10258524b6071f1c0626280e3c21cde5b18b8cb05cce9044e4b4d35f0f232d02b2a8c3460ebd8056c5dd3b11cba9cc081df6c1f32ed0d615a02cb0a93e62de89b5efd14180bed4d56ba07f4d252d04f9578aff2b83013ba7d675066b7d3fdc6c01292406bd30eb4d6ad5190217e1f03e7abb521b78fa1f92cc263092c2b4c42dff25fed755ddf823b59f746f450c33167d1d59e5f5e1f4d62a4ebe8611ec344251ed4346d9036e8d606bdced00c585a98845eb4385f07ed4bcc280d7b5487e4608de0d4401fa9e5ced8205c96c2929d9fb3f11e3876fe7b879a04e6ae7a93380c5f5861b3ac2a4ac2f219f317dc454b1fc1acf98430430fe9d0236e67b061720e6364315b3e6acf9d364f9896246a8449b88b5ea5b7cdbe8c4d3f53d614d894a5294b7fb0e7debec4ebb12e51254cc2b571c9558c69ff83e20ccfebcec2048ab296737d8a236ffa0ae1b23451274c42dfb4f4224c3d6f3060dd844b6ab0cfbf1753fc4dda90695f0997e5b17ce7c71774806dc02fc034f40cddbd23dcd2616c1b6e236d6b34899288ca8c79367ad1e2413ad35ec3ec3950b8a40045f9adc6f5dbb0e71df88dff16252a33e6d9d081b7951fcae30c7e871deb35c2dd6cd036d0b6d03645ab2889a8cf98f5d137bf9acd753e0305329531e6fba1e52186737e1a0fc49b4c638bb5c1b74bfd82fb48a184e907be6949825b87d11a6343d11c8a596c2456f721b9d04d6d47e67deccd7a9df3f5760d3e6343a6077e2c5b94a18419249ef5affc99bb6b1fa45946c6c30b18b682e85a78fd35c131dfd25d92f5d6f49004f0b8f06bb64f6cbff9e365de2f2b7c11f56dcc60e1767b198b4b04169740552ff09a0aef7de37429b2fc14f03325c0cb4e78172a938f3ea3ef549df13eab926eef35e6725a6b26503850c26c289a0dc589024d6e072cb1a5f7f6dc504f65532861360947ac31d7d27bebae102addce6ba3296f54b58bef291a8c1266a8a019e924547aec76526b602d51a8748fb9b126e1e242e5561d80b7486ef66129d951c20c279431297352554f0b95bda836e67950c20c12e67626ea678e62c7e63800cd566f08d423afc24ed0e92340bf41bf253e51f841b582fc50797fc604ddc6c7810e794c874cc6e3931dc3c7812d2d4b7ca37178f6ff08ae6fde07ceaacf704ddb0376be9e015f95e8485ccde66e57cfec1628610aaa5f4ccbe41a5c8dc51128947cbdd496a21f3b373cf63ef9e0e83f0c18f5c61b00775683ebfbb5e0de76eea47316c3c196ca4bb883af45f36b3c11fe163f73ff3eefa7d149540bb36a61b734b07b2633ceafc548e40af7bfe06718788e606ba77e8bd066075b4636d87bf607ad6d0a303f0f6ee5ae5ad04f1e03f7eeefc1f3f30e3186591796803fd7d9838a178e5fe050c4197b07dcb6e509b3f6ee17dea821ea8459f9526a67ec864ce60caee59c0d652c700c388d891fc4bf0830398ec5c6194345ac85f7d23aaf38ed1d58afad316cdf70d0da6323bf2d4d4af70f8de53386d53d877770139627fefb81903ec84156a24698558bba8ec4dd7d100ff3e5e713e33960a2d34b34d08da798373d648cc6e4537460710deb9c934881d17b8ff85309771d0cfc8a1993636961e28164b58b52c763767c1077f542e16e34dcc550a0d8022d6b44d8f04fb444dca036b8248462b488afc32cfa54ec5d0756e18966b9e1274b0a93cf017b7587d4ebf170fd0993638e70870c8e7d679d26aa55a2226a038410db8dc6ddec9819b5569821c370673b26d1ed781417c41f3ff0369b4bb9dd1a584a9894216bfe33fd6694cd1cdcb534e10e2f2805eec430620390932cb0af4402a49e3644f4123ac70e923637eecee26556c8a09611260a9226f82ec63dc2b66414c3e14ba6b1192850534f3836bd30f9b2f4b89a0a7d36b6231fc06adb528f81692c58bd3bb1fdf9745c0b6d3ebbb938d0d080b4985a98d58bd246619df50aee444fe1529c05c66637c6e68ef8bbf64bff8abefa985298fc5db0551f4b7d8e313653b81401e09cbf189f72e05e764da0d158b9309d30f5d7b2926a6aaadec16afb0ae152040156ef1fc6c5255cabddf663b970498da98459b528231db8fe3ef63afb0a97a201700e5b8169e312eefab958b8a4c534d3de2a1775c967e0d9a044d978287614438aa570498b293266e5cb698399877f8d6dca38e15234016c73d6701b1b91f887fd9b854b3aa41766e9f3e9ad621df4b86a96295c8a10806dce7db52e6d50eb7b8aa57c8fb9f455799c832f53a20c3d14538aad30a5436a6156bd947a2fae22f272fc28a540c4583aa4adca4f3fdbb54d4c0c3b8aed4aefcb73146101db9b2ea793776c75dfc153c22505d266cc981818ab44197e28c6146b614a83b4c264a0a901f4082163aca514264d5fc3ff5f2e4c45d8e1977b63ae5028140a8542a15028140a8542a15028140a8542a15028140a8542a15028140a8542a15028140a8542a1687600fe1f20806548d939766a0000000049454e44ae426082, 0x73747564656e742e706e67, 0x414e4952554448204a2042484154542e706e67, 0x426c616e6b20506167652e706466, '2023', 1, 0),
('23MCA11', 'Bhavini', '2004-11-26', 'Male', '9188130395', 'jagannathvbhat@yahoo.co.in', 'shantinagar road', 'Hindu', 'Konkani', 'MCA', 'Computer Applications', '123456789012', 'MUT23MCA-2025', 'V Jagannath Bhatt', '', '9188130395', 'Chandrakala', '', '9188130395', 'jagannathvbhat@yahoo.co.in', 0, 'MG University', 'SRBS Gujarati College', 'BCA', 2024, 75, '', 'Bhavan\'s Vidya Mandir Girinagar', 'Computer Science', 0, 75, '', '', 0, 80, 9, 0, '', '', '', '', '2023', 1, 0),
('23MCA21', 'Aswin', '0000-00-00', '', '', '', '', '', '', 'MCA', 'Computer Applications', '', '', '', '', '', '', '', '', '', 0, '', '', '', 0, 85, '', '', '', 0, 80, '', '', 0, 80, 9, 0, '', '', '', '', '2023', 1, 0),
('23MCA25', 'Arun', '0000-00-00', '', '', '', '', '', '', 'MCA', 'Computer Applications', '', '', '', '', '', '', '', '', '', 0, '', '', '', 0, 90, '', '', '', 0, 85, '', '', 0, 80, 8, 0, '', '', '', '', '2023', 1, 0);

--
-- Indexes for dumped tables
--

--
-- Indexes for table `application`
--
ALTER TABLE `application`
  ADD PRIMARY KEY (`App_ID`);

--
-- Indexes for table `company`
--
ALTER TABLE `company`
  ADD PRIMARY KEY (`C_ID`);

--
-- Indexes for table `drive`
--
ALTER TABLE `drive`
  ADD PRIMARY KEY (`D_ID`);

--
-- Indexes for table `faculty`
--
ALTER TABLE `faculty`
  ADD PRIMARY KEY (`Fac_ID`);

--
-- Indexes for table `login`
--
ALTER TABLE `login`
  ADD PRIMARY KEY (`ID`);

--
-- Indexes for table `placement`
--
ALTER TABLE `placement`
  ADD PRIMARY KEY (`P_ID`);

--
-- Indexes for table `student`
--
ALTER TABLE `student`
  ADD PRIMARY KEY (`Stud_ID`);

--
-- AUTO_INCREMENT for dumped tables
--

--
-- AUTO_INCREMENT for table `application`
--
ALTER TABLE `application`
  MODIFY `App_ID` int(11) NOT NULL AUTO_INCREMENT, AUTO_INCREMENT=3;

--
-- AUTO_INCREMENT for table `drive`
--
ALTER TABLE `drive`
  MODIFY `D_ID` int(50) NOT NULL AUTO_INCREMENT, AUTO_INCREMENT=3;

--
-- AUTO_INCREMENT for table `login`
--
ALTER TABLE `login`
  MODIFY `ID` int(11) NOT NULL AUTO_INCREMENT, AUTO_INCREMENT=5052;

--
-- AUTO_INCREMENT for table `placement`
--
ALTER TABLE `placement`
  MODIFY `P_ID` int(11) NOT NULL AUTO_INCREMENT, AUTO_INCREMENT=6;
COMMIT;

/*!40101 SET CHARACTER_SET_CLIENT=@OLD_CHARACTER_SET_CLIENT */;
/*!40101 SET CHARACTER_SET_RESULTS=@OLD_CHARACTER_SET_RESULTS */;
/*!40101 SET COLLATION_CONNECTION=@OLD_COLLATION_CONNECTION */;
